date,obs_gdp,obs_consumption,obs_investment,obs_wages,obs_hours,obs_gdpdeflator,obs_nominalrate
1954-03-31,,,,,,,
1954-06-30,,,,,,,
1954-09-30,,,,,,,
1954-12-31,0.0108852702107439,0.00964360212763489,0.0421191701133399,0.00315191067085093,0.0144087046700427,-0.00510468812038691,-0.00891709587929134
1955-03-31,0.0212605628917751,0.0133616965363052,0.0882512437442547,-0.00176580464112634,0.0276208877465232,-0.00320339102944868,-0.00902515680913615
1955-06-30,0.0120079105329894,0.00837124063971247,0.0446990341707441,5.22795479707874e-5,0.0377319366593341,-0.00369949606031852,-0.00813607952133468
1955-09-30,0.00419257674686099,0.00175025133612068,0.0133775330783674,0.00694967159451994,0.045188652440963,-0.000883750176703188,-0.00774579996827479
1955-12-31,-0.000180518692920603,-0.0022561062471174,0.0362920321918861,-0.00476109008818352,0.0542500565307558,0.00207363311607332,-0.00665050960685985
1956-03-31,-0.0115607910753403,-0.0117275075610857,-0.024925989751587,0.00159523650977185,0.0573027295901563,0.00204224725900935,-0.00561440757831846
1956-06-30,-0.00238633992546569,-0.00350704494511382,-0.0301546983435248,0.00934912690553343,0.0564962719557522,-0.00191999640346532,-0.00529964522129721
1956-09-30,-0.0096820907193719,-0.00810204193766899,-0.0041438489315446,-0.00101845578076824,0.0494295958916613,0.00461444339381487,-0.00477802055566714
1956-12-31,0.00477387316160657,0.00786832789260879,-0.026231256411565,0.00875624182533193,0.0518147541338356,-0.00383396190445386,-0.00448834660236459
1957-03-31,-0.00147997384582213,-0.00546556499140442,-0.0139463308571894,-0.00330902167085204,0.0496202634914988,0.00581439557318462,-0.00419875653576228
1957-06-30,-0.00807850796780466,-0.00663560662937583,-0.0125310535785914,-0.000770330565429892,0.0443278784769507,-0.000863415579921664,-0.00418221106467087
1957-09-30,0.00262757430669444,0.00226877799360232,0.00440346079699697,0.0034849979682496,0.0362826060965373,-0.00191735575420251,-0.00401677140840803
1957-12-31,-0.0166982813361797,-0.00289962585336538,-0.119022566108763,0.0088434401733913,0.0120829923007602,-0.00715394362720214,-0.00343794805739811
1958-03-31,-0.02899536577397,-0.0202381431676586,-0.0813544511041382,-0.0143139920658545,-0.0140166015539096,0.00290407722707473,-0.00338835021324102
1958-06-30,0.000261717559303901,-0.000718581616971068,-0.0361618097254297,0.00219771425709222,-0.0320356150949364,-0.00492800034042841,-0.0068412693703985
1958-09-30,0.0145140107765259,0.00323313330870208,0.0872035599615124,0.0129636985501284,-0.0233460991222652,-0.00178959843830897,-0.00914154317876088
1958-12-31,0.0177468244318704,0.000451160277875797,0.0926196446171499,-0.00459212301934157,-0.0118389451646452,-0.00311285429577281,-0.00818591340838829
1959-03-31,0.00980445210789801,0.0146815569515275,0.0284098335929617,0.00346207980665088,0.00400905417217778,-0.00551806285274982,-0.00609502543009323
1959-06-30,0.0171249869028583,0.00987954086301764,0.0624524867395184,0.00290927160684792,0.0194489973227947,-0.00631719008595446,-0.00508433857411505
1959-09-30,-0.0107932133115322,0.0045699108450505,-0.0787478035682127,-0.00183572874755037,0.013108368760121,-0.00400470596101401,-0.00381001032010809
1959-12-31,-0.00373994123578628,-0.0053340372787614,0.0222812809303914,0.00181472897851739,0.00983015846022361,-0.00395878855391565,-0.0025868595630617
1960-03-31,0.0103162037265297,-0.00124597174529177,0.0966577457582503,0.0132382632212776,0.0126137232877159,-0.00379272528027499,-0.00156320817553603
1960-06-30,-0.014173300442686,0.00720698120310588,-0.112939631062078,0.000262374962814635,0.0107471698656285,-0.00537346339849633,-0.00170348551231206
1960-09-30,-0.00529630357986003,-0.0118270684022855,-0.0199820578420269,-0.0014618881464589,0.00155441165983561,-0.00435893591195293,-0.00228956248677071
1960-12-31,-0.0230533169538371,-0.00534660266652458,-0.139638444518283,-0.00240524705781013,-0.0113360704284551,-0.00490937462749909,-0.00417393843178148
1961-03-31,-0.00106646725280749,-0.00880392004997481,0.0208968013628361,0.00284428248698828,-0.0205414730563849,-0.00569378775520881,-0.00576354012428729
1961-06-30,0.0112742008421053,0.00417064326487577,0.0599630555300071,0.00766695758732291,-0.0264438451083171,-0.00551970266385451,-0.00649295289648395
1961-09-30,0.0117930377637799,-0.00229706120716115,0.0669962214995312,0.000952437959674554,-0.0241949351902182,-0.00528742794600159,-0.00716481476705463
1961-12-31,0.0114598978917625,0.00964415050119478,0.0104533543736043,0.000184717427894462,-0.0151150963169524,-0.00470153716480828,-0.00728928318335466
1962-03-31,0.0108696400564673,0.00148708197134746,0.0403900764866769,0.00686279706376188,-0.0150994282282841,-0.00270608094449256,-0.00550671456956162
1962-06-30,-0.000127754305360969,0.00592899483422955,-0.023995203167642,0.00120058781668216,-0.00694387303692334,-0.00625576299048604,-0.00536590274776234
1962-09-30,0.00481994520814352,0.000310511792901604,0.00442568236355359,0.00112754414503443,-0.0127172702446874,-0.00572982213074293,-0.0049932612535467
1962-12-31,-0.00248047685891409,0.00675823915128455,-0.0435168104803498,0.00311141934478506,-0.0227757121268333,-0.00579286875362086,-0.00439732354450631
1963-03-31,0.00151805096284482,-0.00285442161566833,0.0357025718983764,0.00167440225958289,-0.0204929085826855,-0.00346130533850555,-0.00420702937396635
1963-06-30,0.00065877636188402,0.000886664471642941,0.00928016905845477,-0.000625153840367912,-0.017933524979628,-0.00609710225351036,-0.00409948781525458
1963-09-30,0.0154816556838243,0.00858232134873078,0.0189096631428143,0.00505432909119682,-0.0190380880613317,-0.00650709456674849,-0.00410775983226195
1963-12-31,-0.00327479408106038,-0.00442371246565236,0.00778752955602793,-0.000574087187095432,-0.0150487241883335,0.000204493568005873,-0.00319824792937486
1964-03-31,0.0106492267767292,0.0125705488052321,0.0184976484723674,-0.00857125238819893,0.00018098554693502,-0.00467797007193728,-0.0028925070217522
1964-06-30,0.00417029879691929,0.00898269466002817,-0.0104447635578726,0.00495113224726348,0.000641458635053382,-0.00554808718357493,-0.00286772131484175
1964-09-30,0.00655720316870342,0.00911176524279562,0.00636025605365201,0.00520889817512456,0.00317395015030808,-0.00383779197571934,-0.00280162909965449
1964-12-31,-0.00538116602903807,-0.00684458562703276,0.00757536242839943,-0.00108264827267838,0.00897944788511928,-0.00334174110002674,-0.0028842450511895
1965-03-31,0.0197182548688518,0.0117093100266738,0.0821069657676805,-0.00488741215524261,0.0204965785002189,-0.00279584157608761,-0.0025868595630617
1965-06-30,0.00139944393958244,0.00289037778777286,-0.00920585664664661,-0.00168972692461981,0.0264021833371499,-0.00327178841597832,-0.00159621283744752
1965-09-30,0.0155556980023762,0.00837121935863601,0.0198985184502228,0.00274255395891239,0.0248054514058671,-0.00402190306442953,-0.00134045519529395
1965-12-31,0.0143409072293833,0.0152882742534621,0.00338240388179758,0.00392165684772346,0.03023417377499,-0.000966325055225667,-0.001348704420898
1966-03-31,0.0176874985399683,0.00733717977664079,0.0600661206151561,0.00693364404007276,0.0404848929412598,-0.00145626635038833,-0.00112599921156243
1966-06-30,-0.00528358496041973,-0.0061564437870421,-0.0218216121208474,0.0036877565687344,0.0461478135649207,0.000317505946613153,-0.000153276583363409
1966-09-30,0.00246029566086955,0.000623731907457749,-0.020606605999502,0.000715307520455196,0.0466697847167055,0.00177588633719037,0.000719719082395185
1966-12-31,-0.00155430850743668,-0.00527934232615883,0.0011781124670627,0.00127179264190121,0.0398070359088969,0.000497959744028201,0.0019455673541432
1967-03-31,-0.000493860732837223,-0.00431892027930174,-0.0341784050299694,0.00539342049324472,0.0343878810623712,-0.00369965706733335,0.00232371378352152
1967-06-30,-0.00770131356734419,0.00434809881079397,-0.0520210398920451,0.00721920113143012,0.0239284535965067,-0.00275410306267456,0.000497424590678121
1967-09-30,0.0019388141333175,-0.00414165269365134,0.0195282557769776,2.88699822584473e-5,0.0228645784529018,0.00167776702706955,-0.00156320817553603
1967-12-31,5.83764717342035e-5,-0.00541159239017346,0.0130076727849336,-0.0013869835162396,0.0229807173530174,0.00321262774861151,-0.00180251665768818
1968-03-31,0.0127900309022365,0.0141382101269402,0.0106991161996,0.0116243736472469,0.0202464372544826,0.00319527431467768,-0.00110950450224018
1968-06-30,0.00706316563607187,0.00568231280938165,0.0230835326766617,0.00181414040416813,0.0252611414667276,0.00261353684247488,0.000415080755714631
1968-09-30,-0.00106689122029882,0.00989706865984404,-0.0398079026187705,0.00250395524527044,0.0276430526414799,0.0019471448790289,0.00335877450091039
1968-12-31,-0.00427866529053814,-0.00772907483720124,0.00872582665938107,0.00187304684026154,0.0291512996363066,0.006165559157125,0.00326845472779779
1969-03-31,0.0072659117079675,0.00114723943673974,0.050162076634388,-0.000596746907386684,0.0337017159883182,0.00241165640925509,0.00319455066345137
1969-06-30,-0.00692341011479028,-0.00289373282920961,-0.0201983485050991,-0.000417478741480274,0.0381372558346245,0.0048052535847025,0.0047945838259919
1969-09-30,-0.00265016984373881,-0.00631337388405,0.0041749981206092,-0.000130910628488504,0.0380908009224816,0.00609536919790197,0.00911417429173514
1969-12-31,-0.0159208706214443,-0.00281766684246292,-0.0567155197467137,0.00258823969064933,0.0301486518354617,0.00495167609473433,0.0107210720611641
1970-03-31,-0.0110699076984965,-0.00580827230793139,-0.0440227334252014,0.000100627319711907,0.0211672467847919,0.00615279335262484,0.0106151126598172
1970-06-30,-0.00943487537293267,-0.00791333025619471,-0.00387164849202468,-0.00196830831135323,0.00288267652857055,0.00600586385432209,0.00971808339728887
1970-09-30,0.000947003877309474,0.000593669173409818,-0.00373578306374253,0.00420655492749174,-0.0072465957144372,0.000319085840128278,0.00803602468389989
1970-12-31,-0.0191786499035788,-0.0126597245609444,-0.0649260582758977,-0.00705193092369442,-0.0200666446070272,0.00529831779351062,0.005138871522747
1971-03-31,0.0160649259209154,0.00361664360558352,0.102930003059186,0.00146612099290474,-0.0205211469132838,0.00722906424066559,0.00233193277020253
1971-06-30,0.000285900440051582,-0.00234459657992807,0.0175916815990824,-0.00233937528065945,-0.0224466392468274,0.00519946625968546,-0.00189330382374655
1971-09-30,-0.00184498649136403,-0.00222743758575254,0.0036485701806335,-0.000325059742398307,-0.0276602483803225,0.00228608898336422,-0.000136797910885002
1971-12-31,-0.0053582017903088,0.00450871945798555,-0.0364400638092128,-0.00535847764049383,-0.0222172571568882,0.000454890932997757,0.00210999641570593
1972-03-31,0.00993735654574154,-0.00134090293324944,0.0457824477896729,0.00848543236639373,-0.016283365053865,0.00723063172590408,0.000316259202653517
1972-06-30,0.0133677793039645,0.00857345460835242,0.0467595159863219,0.0015760880296953,-0.0143166075165349,-0.0016407533514309,-0.0026611976444301
1972-09-30,-0.00148058976515811,0.00467576155789424,0.00787711723993037,-0.000218290781433131,-0.0139454071616614,0.00168374746868836,-0.000796156708365851
1972-12-31,0.00729275317695185,0.00882774589809494,0.00539162245478766,0.00215558975747151,-0.00878877755880492,0.00483098909371836,0.000299787994325193
1973-03-31,0.013611937933533,0.00886259674067121,0.037709488389142,0.010600249000228,0.000887755734859219,0.003607825583799,0.00129580811231015
1973-06-30,-0.00146644318957159,-0.00643267082025871,0.0279658569611918,-0.00530380843716031,0.00610401614032163,0.00739915305579173,0.00472079246692651
1973-09-30,-0.0175823774047409,-0.00751586757382099,-0.0437263200329827,-0.00598693295764844,0.0075893401387086,0.0114532447679829,0.00786439365749279
1973-12-31,-0.00162793612014381,-0.0121753591866889,0.0310147449944456,-0.00352922574103024,0.00734229014287813,0.011864156476886,0.0145687480721805
1974-03-31,-0.0163703865824762,-0.00812275685069479,-0.0741201552157271,-3.8164118424203e-5,-0.00216308083412553,0.0108740821035809,0.0131956962289124
1974-06-30,-0.00101243275486121,-0.00156290951782849,-9.85197317912865e-5,-0.00132577582435615,-0.00468716500961275,0.0154902923332585,0.0115520564180437
1974-09-30,-0.0162425328454227,-0.00774006388868336,-0.0619829539465897,-0.00351631369944531,-0.0133442409756039,0.0210486406363495,0.0162479687244905
1974-12-31,-0.017776092478211,-0.0284009389364699,-0.00139659440954884,-0.00563119467044563,-0.0351254784041339,0.0211504436118577,0.0182884387403922
1975-03-31,-0.0318328592243372,-0.00524254783532334,-0.173358809699314,0.00363174152859188,-0.0721406017448629,0.014616578267238,0.0116090594432913
1975-06-30,-0.00510911358494473,0.00405216038618002,-0.0286789203019317,0.00251663641490626,-0.0864318679556515,0.00691015683132721,0.00414667372340385
1975-09-30,0.0137869785260148,0.00555592985208926,0.059055820946865,-0.00392274717213496,-0.0823492357032958,0.00965836172723542,0.0019702334370471
1975-12-31,0.00334817207909518,0.00124578815366001,0.0145865336357449,-0.00427752017699904,-0.0702025773839425,0.00873625867719528,0.00379383728404789
1976-03-31,0.0183264903267129,0.0108098260141633,0.0777445587452306,0.0046078960367272,-0.0587708536550133,0.00269167107492605,0.00195378944937983
1976-06-30,0.00101215818989639,-0.00189908168745538,0.0368183590327771,0.00477958624457061,-0.0632231724799741,0.00216551247707673,0.000505658601258925
1976-09-30,-0.00175460913469353,0.00334907858674911,-0.00388802341900882,0.00405631346785575,-0.0640404189997481,0.00501123811961011,0.00141921259534042
1976-12-31,-0.000552152929527291,0.00152416542868168,0.000885744343325028,-0.000494998349044632,-0.0633967796827122,0.00989305292910878,0.00163307763086738
1977-03-31,0.0098775101812952,0.00432434566055435,0.0395867456267727,-0.00110573068327139,-0.0575744824652222,0.00814808384928843,0.000620927631068429
1977-06-30,0.0100189970518508,-0.000849990524168607,0.0550889923753211,0.00223938285158916,-0.0432846590628495,0.00614937936831493,9.38749959573607e-5
1977-09-30,0.00843297301732656,0.00306064314563721,0.039427590123248,0.00330670994219814,-0.0372179929815539,0.00426002499529219,0.00132049022723972
1977-12-31,-0.00488681397894522,-0.00143646124798073,-0.0110529926753262,-0.0080829910184139,-0.0319692537939975,0.0135176277875304,0.00295637818438721
1978-03-31,-0.00174433135504573,-0.00164556526396935,0.00557229939246898,0.00788966116673214,-0.0317921134038563,0.00659752406752843,0.00466339542285859
1978-06-30,0.0214767512667352,0.013561327453647,0.0510666931629445,-0.00579000238010328,-0.00745672574623057,0.0110835534265814,0.00526180269373941
1978-09-30,0.00157984414457809,-0.00414124808834919,0.0193860096957348,-0.0017870682197799,-0.00344718136168698,0.00898667074465041,0.00655576058315763
1978-12-31,0.00149036363246887,-0.00236258622185352,0.0171511238376994,0.000449533655066134,0.00431742519971312,0.0124372010702223,0.00855890905666902
1979-03-31,-0.00614264913075027,-0.00296278863274728,-0.00764238163650075,0.0034764568057218,0.00721360149620232,0.010194498278899,0.0121870494381755
1979-06-30,-0.00602458178886037,-0.00658833854703515,-0.00772433185398211,-0.00534457762510646,0.00621156400017675,0.0163551148493963,0.0133826721380177
1979-09-30,-0.000932696128619933,0.0039169511538701,-0.018757285594182,-0.00356981011228556,0.0112952416841861,0.0137971659747757,0.0136427543904956
1979-12-31,-0.00461859266243506,-0.000556237881263176,-0.0229780228659972,0.00283346048642215,0.00936903718653159,0.0105399303237068,0.0155101079196657
1980-03-31,-0.00214718245855542,-0.00115348743685799,-0.0172960672690578,0.00311784571067815,0.00289232336192136,0.0129322338886963,0.0218895730317406
1980-06-30,-0.0363503161908258,-0.0305676752535349,-0.0978126151598921,-0.000557622476148803,-0.0194602526068159,0.0156743132565846,0.0254376303527992
1980-09-30,-0.0166380053817831,0.00355767076423548,-0.0783781779637387,-0.000759884541556713,-0.0279553941920208,0.0142443963337684,0.0197352953134965
1980-12-31,0.0145586944119266,0.00381710722765179,0.0737062891332894,-0.00337538598045748,-0.0183067333076181,0.0178833280208772,0.0128053729875265
1981-03-31,0.0137191751570199,-0.0052937415295458,0.0817427932632953,-0.0049926607160609,-0.0163435702893766,0.0181500275744455,0.027379300638273
1981-06-30,-0.0156520262541579,-0.0111141698626658,-0.0434667142660654,-0.00635840753989384,-0.019217392219856,0.0117732634405942,0.029101181356983
1981-09-30,0.0020784035019282,-0.00585620129360236,0.0403880765357645,-0.000285380731974408,-0.0236037190921392,0.0107967087095779,0.0320016448274194
1981-12-31,-0.0166111479600903,-0.0169242119795539,-0.0390949448350888,-0.00457147973649689,-0.0316004130784009,0.00929913508036926,0.0315148268119233
1982-03-31,-0.0229390263210082,-0.00179039809851082,-0.111308359297762,0.0086396240419094,-0.0523189548864522,0.00581942849839144,0.0219137520532167
1982-06-30,-0.00679384219671389,-0.00831385035973091,-0.01203127224435,-0.00901535246629801,-0.0510370493022467,0.00506177510965309,0.0234599946703434
1982-09-30,-0.00401825832868377,0.000309247895880784,-0.0232461612441756,-0.00233501266310064,-0.0616583421556092,0.00623136294192171,0.0241518079727061
1982-12-31,-0.00731345786773266,0.0101181522388578,-0.0948820231446827,0.000528609630873552,-0.0744094669512698,0.00246370444913,0.0156561016097532
1983-03-31,0.0039113009467536,0.00266815304429664,0.0137298768514516,-0.00137996569346908,-0.0714544848758889,-0.000316638197284799,0.0114624736699924
1983-06-30,0.0205734342699249,0.0140716527305637,0.0665989525092492,-0.00172914370771691,-0.0630110930529151,-0.000451678506638206,0.00991386751329634
1983-09-30,0.0172201710775764,0.0125160524212595,0.0423748129553392,-0.0091514338172574,-0.0462509571755731,0.00273447425861815,0.0102808594476705
1983-12-31,0.0143406031549412,0.00716164245697066,0.0813291766349842,-4.44069635114706e-5,-0.0307739526505681,-0.000292727074903151,0.0118858850693415
1984-03-31,0.0173596975405136,0.00133295901006698,0.0781267765376406,-0.00259837681317397,-0.0147993850554382,0.00221987491257345,0.0118126151551565
1984-06-30,0.011435184387864,0.00742822973313779,0.0185465314929623,-0.00192392503647785,-0.00493780468933469,0.000677668174260607,0.0124393065301753
1984-09-30,0.00170582401847982,-0.00135561659663046,0.00751720251923696,0.00186754164189697,-0.00374551423144442,0.00100091524899491,0.0145606290472753
1984-12-31,0.00140189067520366,0.00399060574176553,-0.0236607550918233,-0.00331949240057981,-0.000370331279451186,-0.000383332833959546,0.0165883363247813
1985-03-31,-0.00190282313315718,0.0111827613729569,-0.044143184540431,-0.000981745821244088,0.00459475055319736,0.00198734714604696,0.0114136069701951
1985-06-30,0.00647636720906805,0.00327846175760045,0.00693910557435021,-0.000772863310314212,0.00835728188703744,-0.0014292849433313,0.00948145977053967
1985-09-30,0.00794788703181601,0.0131333604794572,-0.0195370109225781,0.00484920327242929,0.00824346865004344,-0.00183547872574132,0.00812591489532515
1985-12-31,0.00350444783805534,-0.00391458686597317,0.0313153009009817,0.00929782734470465,0.0103657103147086,-0.00227096029862197,0.00806871296842163
1986-03-31,0.000110208795049385,0.00338502154104021,-0.00798434418929081,0.00541305192265048,0.00591588797603571,-0.00288013693981417,0.00856707695600771
1986-06-30,-0.00227402589978235,-0.00141278386189873,-0.0208933224790435,0.00379796571418641,0.000408562280229674,-0.00405651435001244,0.00788891417912741
1986-09-30,0.00416989296838318,0.0113117718551545,-0.0345494118192704,0.00454564755450689,0.00263931503703496,-0.00376588001896196,0.00566327257045657
1986-12-31,-0.00318543251001971,-0.000689817669677726,-0.00550994964281235,0.00408591361884616,0.00731085289784428,-0.00240803108866829,0.00390872793289599
1987-03-31,0.00152553763563587,-0.00335138957090613,0.0202005319105947,-0.00579352551940352,0.0168699575612683,-0.0015153190856745,0.00405642508835326
1987-06-30,0.00430871596941115,0.00887598656980999,-0.0104847506050571,-0.00331658817672107,0.0195837137478794,-0.000938847090691272,0.00394155140824851
1987-09-30,0.000808083208458346,0.00587968808719226,-0.0128433886090402,-0.00121006264346394,0.0237157126100751,-0.000304634091229846,0.00499953125769304
1987-12-31,0.00925985200998655,-0.00454408037539493,0.0614626398853844,-0.000108303183492789,0.0313857208416648,8.9675964437522e-5,0.00547484759785547
1988-03-31,-0.00633326831997186,0.0102698919769035,-0.0560780258530169,0.00554286955315416,0.0296240876311025,-4.15821735167046e-5,0.00565508091856891
1988-06-30,0.00222994587732059,0.00136504219162554,0.0110768932496193,-0.00157966996169427,0.0410244954025556,0.00184152602374719,0.00503231894919681
1988-09-30,-0.00288116963503585,0.00193568557205688,-0.011300183987899,-0.00340885875586914,0.040887379831851,0.00404019790400787,0.00624470840574005
1988-12-31,0.00737930064790446,0.00549862045143486,0.00578372524680051,-0.00500135948506784,0.0493786241324372,0.000768454008025924,0.00827299054149735
1989-03-31,0.00155602265707996,-0.00154358685668092,0.0257086336779971,-0.0113646978067874,0.0565886553661787,0.00251313195754331,0.00946513883567606
1989-06-30,-0.00193021119510442,0.000218910995746182,-0.0223794157008381,-0.0103043598563444,0.0577143018756603,0.00275014019704421,0.0118451802242381
1989-09-30,-0.00205969259406183,0.00102215146959091,-0.0192193095453774,-0.0020923084420316,0.0572453891375044,-0.000567740372247957,0.0125369373555588
1989-12-31,-0.00377342519439919,-0.00212432813360101,-0.0150898062490334,0.00329917019312405,0.0545827853013741,-0.000749170978617616,0.0109655509149611
1990-03-31,0.00458924314099937,0.00484863238564288,-0.00308611523018418,0.00458518427423989,0.0548467455380024,0.00288865976420747,0.00981598024672011
1990-06-30,-0.00678932797792845,-0.00625679973611475,-0.0146304166001432,0.0043130722867671,0.04781502521333,0.00329483571707299,0.00892639849548332
1990-09-30,-0.00535624123712322,0.000851051631790735,-0.029679586303363,0.000855624618118075,0.0398860844534603,0.000690842626263713,0.00891006849891236
1990-12-31,-0.0153490450305892,-0.00910406842323445,-0.0694807217618258,-0.00363409637913957,0.0329975814161312,-0.00043549162323033,0.00870592103841017
1991-03-31,-0.0169107868234019,-0.015480715437136,-0.0415058938541293,-0.00771072860117892,0.0204669683194769,0.00190886299850599,0.00768455812477682
1991-06-30,-0.00314355238356848,-0.00081269554226586,-0.0124811310480108,0.00779027452646155,0.0116868553760021,-0.000530637374076345,0.00445017755439342
1991-09-30,-0.00223926729930449,-0.00322319787805063,0.00727379263043029,0.000295833207697346,0.00785255670637319,-6.92418768009264e-5,0.00306315217270249
1991-12-31,-0.00314307928879002,-0.00639077840958939,0.0192941646118499,0.00338725309002371,0.0036003867635479,-0.00191733292398834,0.00252095082198934
1992-03-31,0.00455507945155395,0.0138989047916733,-0.0337015272500718,0.0181756131608914,-0.00505426691452726,-0.00413750442740903,0.00048095636611715
1992-06-30,0.00572173905433123,0.000219613610109317,0.0438598130902541,-0.000672400451297498,-0.0037347761083808,-0.00185485258799536,-0.00148070128616409
1992-09-30,0.00372376874447275,0.00496112476131523,-0.00129280793712991,0.00271773201447064,-0.00468778036183792,-0.00297193460316049,-0.00210792444135709
1992-12-31,0.0046632449423821,0.00476551415551492,0.0183160931294584,-0.00527499655596934,-0.000967553488024464,-0.000991561000285099,-0.00338008414503758
1993-03-31,-0.00403655599560674,-0.00300895532609551,0.0112562852296989,-0.0168458757262447,0.00527578560479558,-0.00225247407492614,-0.0039257912626944
1993-06-30,-0.000111717688152576,0.00262843527900665,-0.00346263035239322,-0.00250724550424556,0.014097877370741,-0.00191971389597947,-0.00391752075079096
1993-09-30,-0.00153291116296975,0.00226316513123011,-0.0120065554148887,-0.00935663325582418,0.0172655782049356,-0.0019112216736399,-0.00401677140840803
1993-12-31,0.00709779651986716,0.0018204836136237,0.0381803559572358,-0.00198174284163297,0.0240190336552502,-0.00240652055708226,-0.00386789911574802
1994-03-31,0.00354598880263376,0.00294580727708689,0.0291065835621876,-0.0143458251749622,0.0274483611308538,-0.00308009159381563,-0.00404158561205964
1994-06-30,0.00764736755418158,0.00124422546135734,0.0391291333358393,-0.000444862984589936,0.0409661975062834,-0.00303143767197047,-0.00348754836162358
1994-09-30,-0.000473380773595852,0.00174967923278087,-0.0236068802456852,-0.00986928294284448,0.0499666645554306,-0.00211891411953926,-0.00168698127484883
1994-12-31,0.00482104884545217,0.00273017866935495,0.0308004714470016,-0.00150045728438562,0.0513206830416912,-0.00243332883056692,-0.000334559904970411
1995-03-31,-0.00316574164959663,-0.00534523378564482,0.00236064221163448,-0.00336541734297655,0.0533182220594677,-0.00244844456324313,0.00134517173297731
1995-06-30,-0.00365701338521754,0.00238684560722065,-0.030194918737294,-0.00049170111142314,0.0490671990782818,-0.00304918218354701,0.00293173641412102
1995-09-30,-0.00332588278395255,0.000810237593815668,-0.012972063240781,-0.00325595755270467,0.0576940613188972,-0.00293325428789861,0.00344908611709808
1995-12-31,-0.0010624082665475,-0.000875304934555164,0.0118448109566583,-0.000538470889475765,0.0573226784665737,-0.00304014949664368,0.00289887977584502
1996-03-31,0.00257400187092246,0.00246879384863559,0.00266486202420604,0.00225618284270703,0.0562916069874948,-0.00303563203505843,0.00270993315270384
1996-06-30,0.00972701111424742,0.00576453274743334,0.033740812870775,0.00121502195226943,0.0627781251004702,-0.00371564005844129,0.00183045092196757
1996-09-30,0.00404565292052025,-0.000483090229611836,0.0278059218465465,0.000526584075452937,0.0681078901264351,-0.00457838278255964,0.00153437637481378
1996-12-31,-0.000185354325450557,0.00184932572414849,-0.00908288758333062,-0.00351544864431378,0.0765635556371418,-0.00250997593689275,0.00169064886500509
1997-03-31,0.00137139060195532,0.00137670757207826,0.0145257285497991,0.00167138773153476,0.0819353359467021,-0.00190387190350607,0.00162485289827412
1997-06-30,0.00616429314773223,-0.00263831162963117,0.0338273725319347,0.00320580606406689,0.083682317193575,-0.00582329989056054,0.00161662809803385
1997-09-30,0.00622616074285295,0.00755272899292821,0.00969712213422905,0.00184322971681521,0.0863952591683779,-0.00351843754012006,0.0022250806739506
1997-12-31,0.00328532064487982,0.00405240905439315,0.000709133905710173,0.0107990670719654,0.0879401129097603,-0.00456563155508307,0.00224973986340423
1998-03-31,0.00438280310051761,0.000963638847461159,0.0311037160145755,0.0114504508991251,0.0910288054153847,-0.00638966263633447,0.00218398067353376
1998-06-30,0.00453758237887344,0.00913749611005384,-0.0199444931285271,0.00627500905847996,0.0930469546843904,-0.00548602969207559,0.00221686080900288
1998-09-30,0.00596475718838571,0.00395393063515433,0.0144823539701165,0.0080393601279722,0.0910353852365269,-0.0035542150962893,0.00216754020037647
1998-12-31,0.0085578880740472,0.00638791711182081,0.0205911492864388,-0.00100923753182959,0.100030801028377,-0.00509173527460029,0.00224973986340423
1999-03-31,0.00462248145630303,0.00063863189082576,0.0190154926187347,0.00999289651592424,0.0952029155197263,-0.00408463693074592,0.000587994978340278
1999-06-30,0.00361971558994631,0.00842652754847469,-0.0141579833776237,-0.00335388259945763,0.0974223060411266,-0.00422995021837449,0.000275080673132935
1999-09-30,0.00805666736101104,0.0051883606402829,0.0128295324042292,0.00143860025575054,0.100486565447776,-0.00442605501898698,0.000308023632401943
1999-12-31,0.0106082063144578,0.00715729858661392,0.0174718524542819,0.0106891084318549,0.101283601830182,-0.00248453031307318,0.00116415987620639
2000-03-31,0.00113357042881054,0.00885256694618737,-0.016081062360044,0.0240731845510927,0.103292506249922,-0.00106496430144778,0.00169064886500509
2000-06-30,0.0102891683203369,0.00011796853092201,0.048079292988195,-0.00743322418882781,0.101720190434081,-0.00180389617342038,0.0026031214411089
2000-09-30,-0.00385203026508455,0.00231986865854812,-0.0213963840575584,0.00975603524027305,0.0989102870913348,-0.00215937347423602,0.004072834536914
2000-12-31,-0.000609166602468267,0.000872684445755791,-0.00981806291854778,-0.00356793971202724,0.0914756351493269,-0.00257253159320905,0.0046797949144746
2001-03-31,-0.0116287027241337,-0.00327334322086297,-0.0616492914836648,0.0123520243572436,0.0878078297638281,-0.00175391362542922,0.00456499282495061
2001-06-30,-0.00518954688389664,-0.00691543405247645,-0.0132212598299421,-0.00586215675385355,0.073386808668042,-0.00181589387260208,0.0023976822319025
2001-09-30,-0.0111325319841612,-0.00793346612059102,-0.0264220321042572,-0.00650936912143293,0.0591937696561837,-0.00382498419310264,-0.000730201261246462
2001-12-31,-0.00597748393360012,0.00423828011414203,-0.061308057949045,0.00202129088495152,0.0441807380908701,-0.00455095194669199,-0.0027851067283635
2002-03-31,0.00213772629363914,-0.00629404319503073,0.0219443947952609,-0.00262694236871639,0.0320062046848086,-0.00454935206017539,-0.00616962476950906
2002-06-30,0.00193598561254879,0.00124558873371013,-0.000847952138421677,0.00122912784623754,0.03143633669848,-0.00427556000943931,-0.00716481476705463
2002-09-30,-0.00201726612693124,-0.000381602849317584,-0.0126327599749611,-0.00340196468586831,0.0248069380256419,-0.00324083438388169,-0.00712332873746909
2002-12-31,-0.00210296487268261,-0.00315944237378889,-0.00879641515250992,-0.00688711687632366,0.022541429598312,-0.00219589945270006,-0.00714822014868888
2003-03-31,-0.000369278090314093,-0.000639828230025106,-0.00340866394449255,-0.00216734249528249,0.0138509365599919,-0.00331208340611046,-0.00788694733050626
2003-06-30,0.000270873864224389,0.000690821596967386,-0.00466305605438319,0.0104094527219667,0.00813000477167325,-0.00491153369163191,-0.00836865891086541
2003-09-30,0.00834236671170915,0.00753469962125704,0.0225172057699403,0.00542421302390258,0.00642835569239875,-0.00243855976522125,-0.00837696631816523
2003-12-31,0.00360778785171808,-0.00230989721463319,0.0279237474992513,0.00418827224144711,0.00789929485515284,-0.00195068174573067,-0.00895034415246221
2004-03-31,0.000871055823769088,0.00198985737242858,-0.00463138513657666,-0.0131356950497695,0.00901907183013506,-0.000433078935816031,-0.0090002186350249
2004-06-30,0.00414784877647042,-0.00278809527594652,0.0332367238627747,0.00719235153940452,0.00681111042550331,0.000281873576895667,-0.00898359353111751
2004-09-30,0.00347500037719359,0.00185111795820476,0.0100204057041005,0.00721713839605131,0.0097214712385032,-0.0013343618771209,-0.0089669687035996
2004-12-31,0.0052818488170526,0.00400916755943688,0.0150800692188771,-0.00721852592749246,0.012105094874336,-0.000162378399216198,-0.00791185775676662
2005-03-31,0.00210511027543022,-0.00399355842412912,0.0237722453910348,-0.00481165204644473,0.0111957868279005,4.53101319745994e-5,-0.00662563058112128
2005-06-30,-0.00206824043813084,0.00272634582762739,-0.0185259393946317,-0.00497571063915374,0.0142351420384088,-0.000866717578545081,-0.0053327734357723
2005-09-30,0.00372524373681435,0.00375400507192354,0.0051534819663939,-0.000452514148491722,0.0134683409086813,0.00116036499290149,-0.0041573933713088
2005-12-31,0.00218521554560732,-0.00475880960296009,0.0284973706045211,-0.00566179573425441,0.0172081409014009,0.000165036030364643,-0.00287598314888639
2006-03-31,0.00422598438202234,0.00173357801529624,0.00953565961304295,0.0089422501747833,0.0241018946537981,-0.000885710147783289,-0.00158796156984665
2006-06-30,-0.00515946840589057,-0.00269649297853696,-0.0160617611356972,-0.0114875604468578,0.0235605207596485,0.000480623053167076,-0.000408730736912753
2006-09-30,-0.00433323564934321,-0.00114217830974055,-0.0144386751121743,-0.00926610580440919,0.0261204073595627,-0.000869342836949524,0.000703254518252878
2006-12-31,-0.00504534497387402,-0.00312058841104572,-0.0238120095671448,0.00991968728278467,0.0267889137183372,-0.00416076815864821,0.00154260185158308
2007-03-31,-0.00504412070579688,-0.00215410820716104,-0.0214105414973815,0.0105220832265173,0.0242034292566302,0.00193979181196922,0.00154260185158308
2007-06-30,-0.00141188139666918,-0.00383321683104714,-0.000857219432640805,-0.0108630844331657,0.0254948004853235,-0.00139999522115255,0.00156727787594773
2007-09-30,-0.0032830512530421,-0.00117881088271203,-0.0174585921488095,-0.00505260302878221,0.019319134402056,-0.00271234447894099,0.00155082726069446
2007-12-31,-0.00204873578380186,0.00139618286632133,-0.0276407783825139,0.00309798863169781,0.0142888215528139,-0.00387592135977035,0.00111478731910945
2008-03-31,-0.00921362948981278,-0.00521941923198414,-0.0413346158362078,0.0023384841817438,0.00843201683166761,-0.00415899087385243,-0.000309837516786511
2008-06-30,-0.00211829199187067,-0.000690541639993423,-0.021726291506285,-0.00763918489603937,0.000236783219824233,-0.00250074312968953,-0.003578488642857
2008-09-30,-0.011624870398762,-0.0118172677985391,-0.0315371431833693,-0.00173310189901819,-0.0139829016627804,-0.00042535008384161,-0.00628567924892784
2008-12-31,-0.0387133056228276,-0.0347637735290332,-0.089650105529369,0.00301898343907536,-0.0410996260087186,-0.00472424012275298,-0.00665050960685985
2009-03-31,-0.0317768725722371,-0.0153295755747096,-0.142949070571237,-0.0299732212776111,-0.0700268139422882,-0.00795063866187531,-0.0102229211258754
2009-06-30,-0.012134544531533,-0.00526469289384006,-0.0838206833494972,0.0222661952063451,-0.095211912191731,-0.00929940972551415,-0.00962591676396856
2009-09-30,0.00120359665341349,0.00557738845907925,-0.0202957181552534,0.000831234003552267,-0.109030940694912,-0.00679148030852496,-0.0109432673919511
2009-12-31,0.00636554766047434,-0.0042738241088514,0.0713631083461479,-0.00112239915027929,-0.1114020927949,-0.004469903679883,-0.0121608173149275
2010-03-31,-0.000298759509181376,-0.00127975776569982,0.00981029945558556,-0.0127231537687099,-0.114248929645403,-0.00532907595142597,-0.0125218230077834
2010-06-30,0.00385530211132531,-0.00268503394072232,0.0410086970864843,0.00203583569469329,-0.108018042040092,-0.00320686554621188,-0.0127134839683722
2010-09-30,0.00121666576732013,-0.00126479515819659,0.0298924078851428,-0.00278180784650724,-0.104908196077074,-0.00494159782081451,-0.012732405959742
2010-12-31,-0.00361367623283085,-6.63121679483217e-5,-0.0119397713463609,-0.00410559576029754,-0.103180407141306,-0.00223868639323734,-0.0132268943016749
2011-03-31,-0.00619992297244535,0.000502850821267178,-0.0271745170197661,0.00878016283118015,-0.104109056810882,-0.00248578769742893,-0.0138549090869921
2011-06-30,0.001105539783229,-0.00161169902415596,0.0268490116139972,-0.0170292520986882,-0.0982530235022976,-0.00129836761314707,-0.0140704464293933
2011-09-30,-0.00778872831062452,-0.00475598452517061,-0.00258580286957508,-0.00303832187269658,-0.0969356344060603,-0.00142212330336979,-0.0142664241732793
2011-12-31,0.0058923481316103,-0.00336224818210389,0.0664213959006013,-0.0188886729825776,-0.0916737520523165,-0.00632448786845232,-0.014804041717776
2012-03-31,0.00136477274876276,0.00152770022792788,0.0116783652115285,0.0132107224450146,-0.0861583397563113,-0.0016137349213652,-0.0151514368034106
2012-06-30,-0.00487681635223739,-0.00714767219741445,0.0154210497673138,-0.00250494195957477,-0.0872337078432164,-0.00389625544588303,-0.0150430223486711
2012-09-30,-0.0080229319664952,-0.00769824588529171,-0.00955961612484477,-0.00816746221535258,-0.0851465617699416,-0.00272375555959294,-0.0145018889988377
2012-12-31,-0.00602349140248451,-0.00209211251546608,-0.0144868265201623,0.0172583663696913,-0.0824793964029888,-0.00274985273226027,-0.0146587113942856
2013-03-31,0.000402977915105876,-0.00232071222278711,0.0260274588737097,-0.0222881952824207,-0.0807627971269618,-0.00386270637238419,-0.0149880162363876
2013-06-30,-0.00612967280579793,-0.00847593251418081,0.00338374705099301,0.000471090212379786,-0.0796192473930049,-0.00496239840967118,-0.0150122817079804
2013-09-30,-6.716226682327e-5,-0.00374199210777486,0.0250860001733742,-0.0112269049049858,-0.0769506638611537,-0.00305555040500829,-0.0146289250599437
2013-12-31,-0.00234470605382212,-0.000255530674762514,-0.00246273376544612,-0.00248039243084569,-0.0758336811773832,-0.00198528435964442,-0.0156566607205798
2014-03-31,-0.00590654889951528,-0.00252008053724899,-0.0151351862818547,0.011201512752928,-0.0730865020191516,-0.00375684232211239,-0.0164881714742744
2014-06-30,0.00623362024113424,0.00306511591847731,0.0315549345028501,-0.0138888590280384,-0.0687336811236259,-0.00227495704311822,-0.0177942917220173
2014-09-30,0.00409961744199746,0.00208818960715402,0.0137371554555337,-0.00146043536613494,-0.06497334810037,-0.00355555035657031,-0.0188206091970727
2014-12-31,0.000449334774976631,0.00218678998428907,0.00147884797320333,0.0049804335059412,-0.0559141450527401,-0.00624981393169823,-0.0186261962423009
2015-03-31,0.00272726266287235,-0.00158919025681441,0.0268611517839244,0.00988011633821864,-0.0562174805308748,-0.00872931541815338,-0.0181700580391271
2015-06-30,-0.00139497267070224,0.000454737472181901,-0.0122706415509235,-0.00135824373491721,-0.0539375174575758,-0.00242897611355166,-0.0165439152432366
2015-09-30,-0.00142738985720451,0.000741847053186763,-0.00843099497136632,-0.0036728802203335,-0.0554812450647075,-0.00469532463753255,-0.0151759703846154
2015-12-31,-0.00597293478351416,-0.00249105962589495,-0.0212855305757369,-0.00437346607493661,-0.0514218539468958,-0.00774052415289519,-0.0139374339565915
2016-03-31,-0.00181507544352369,0.00220171853714342,-0.0189390184897018,-0.00342455209981397,-0.049930164383329,-0.00853171590047254,-0.0117346787273462
2016-06-30,-0.00492612825376751,-0.00148986128500676,-0.0165269821510403,-0.00727396972771857,-0.0492933609395996,-0.00093655225244473,-0.0105891910042731
2016-09-30,-0.00114859200303178,0.000167842907479578,-0.00752408402361834,-0.00265595188401006,-0.0487067779962267,-0.00446068055938544,-0.0105558881985086
2016-12-31,0.0018457353983464,-0.0010641655930788,0.0177895008704869,0.00182786469639949,-0.0487059447446851,-0.00295877619602593,-0.0104976109570036
2017-03-31,-0.00139065254964136,0.00134192413401597,-0.0109116969540057,0.00168869733600111,-0.0476832997347518,-0.00277692937345255,-0.0103644185853998
2017-06-30,-0.00172550464098334,-0.00327382545403991,0.00424537848652842,-0.00165913590703073,-0.0445681537720981,-0.00476627573726753,-0.00974031571299228
2017-09-30,-0.000443585529316034,-0.00205659947121144,0.00768265046599306,0.00171759084842275,-0.0436502368584257,-0.00290138214407223,-0.00911660210205336
2017-12-31,0.00406196942661849,0.00314290754661024,0.0060892468798546,0.00201204011068589,-0.0378008849384788,-0.00113770237469681,-0.00860960174626655
2018-03-31,0.00298836549457112,-0.00103785831622587,0.0182505934823496,0.000468895245978753,-0.0351831440371875,-0.00197851181059041,-0.00848496889371629
2018-06-30,-0.00228581339257841,-0.00207092878669406,-0.00823713215372376,-0.0111099905391739,-0.0329200728244459,0.000713898948629702,-0.00787864399297986
2018-09-30,0.00306836540013341,-0.000338632934366021,0.014139579843036,0.000448823833927086,-0.0307842103546854,-0.00387777824729764,-0.00715651742344908
2018-12-31,-0.00316384797115146,-0.00411442088278106,0.002433329825168,-0.00550627373974812,-0.0313578189454482,-0.00310134995112034,-0.00669197602528689
2019-03-31,-0.00133317301044547,-0.00336805577082315,0.00358995333369097,0.0169440516525375,-0.0333701928066548,-0.00529327815309146,-0.00595413074863433
2019-06-30,-0.00177375303429686,0.00213525956438727,-0.0221457025222999,-0.00350065861295562,-0.037446581690193,-0.00143109051234959,-0.00549843097232658
2019-09-30,-0.0010313006882591,-0.000102859440491752,-0.00500421221673794,-0.00748159288864554,-0.0331782235475009,-0.00437362328588244,-0.00551499823541521
2019-12-31,-0.00459907518523797,-0.0027539214241457,-0.017864122675487,0.000819540326689966,-0.0323298241123089,-0.00412885077459959,-0.00602871957774866
